{
    "id": "58A3B4D1-2FD5-4B8D-8338-FC80C891A7CA",
    "thumb": "RabbitLatexIcon2.png",
    "mask": "RabbitLatex2.scn",
    "textures": [
        {
            "diffuse": {
                "contents": "RabbitLatexColor3.png",
                "intensity": 1.0
            },
            "metalness": {
                "intensity": 1.0
            },
            "roughness": {
                "intensity": 0.3
            }
        },
        {
            "diffuse": {
                "contents": "RabbitLatexColor4.png",
                "intensity": 1.0
            },
            "metalness": {
                "intensity": 1.0
            },
            "roughness": {
                "intensity": 0.3
            }
        },
        {
            "diffuse": {
                "contents": "RabbitLatexColor5.png",
                "intensity": 1.0
            },
            "metalness": {
                "intensity": 1.0
            },
            "roughness": {
                "intensity": 0.3
            }
        }
    ],
    "isOccluded": true
}



