{
    "id": "C4CE64DC-FE4D-4756-9980-105717B2CDE0",
    "thumb": "RabbitIcon.png",
    "mask": "Rabbit.scn",
    "textures": [
        {
            "diffuse": {
                "contents": "RabbitColor1.jpg",
                "intensity": 1.0
            },
            "normal": {
                "contents": "Rabbit.jp2",
                "intensity": 1.0
            },
            "metalness": {
                "contents": "RabbitMetallic.png",
                "intensity": 1.0
            },
            "roughness": {
                "contents": "RabbitRoughness.jpg",
                "intensity": 0.3
            }
        },
        {
            "diffuse": {
                "contents": "RabbitColor2.jpg",
                "intensity": 1.0
            },
            "metalness": {
                "intensity": 1.0
            },
            "roughness": {
                "intensity": 0.3
            }
        },
        {
            "diffuse": {
                "contents": "RabbitColor3.jpg",
                "intensity": 1.0
            },
            "normal": {
                "contents": "Rabbit.jp2",
                "intensity": 1.0
            },
            "metalness": {
                "contents": "RabbitMetallic.png",
                "intensity": 1.0
            },
            "roughness": {
                "contents": "RabbitRoughness.jpg",
                "intensity": 0.3
            }
        },
        {
            "diffuse": {
                "contents": "RabbitColor4.jpg",
                "intensity": 1.0
            },
            "metalness": {
                "intensity": 1.0
            },
            "roughness": {
                "intensity": 0.3
            }
        }
    ],
    "isOccluded": false
}
