{
    "id": "58A3B4D1-2FD5-4B8D-8338-FC80C891A712",
    "thumb": "RabbitBlestIcon.png",
    "mask": "RabbitBlest2.scn",
    "textures": [
        {
            "diffuse": {
                "contents": "RabbitBlestColor5.png",
                "intensity": 1.0
            },
            "normal": {
                "contents": "Rabbit.jp2",
                "intensity": 1.0
            },
            "metalness": {
                "contents": "RabbitMetallic.png",
                "intensity": 1.0
            },
            "roughness": {
                "contents": "RabbitRoughness.jpg",
                "intensity": 0.3
            }
        },
        {
            "diffuse": {
                "contents": "RabbitBlestColor6.png",
                "intensity": 1.0
            },
            "metalness": {
                "intensity": 1.0
            },
            "roughness": {
                "intensity": 0.3
            }
        },
        {
            "diffuse": {
                "contents": "RabbitBlestColor7.png",
                "intensity": 1.0
            },
            "normal": {
                "contents": "Rabbit.jp2",
                "intensity": 1.0
            },
            "metalness": {
                "contents": "RabbitMetallic.png",
                "intensity": 1.0
            },
            "roughness": {
                "contents": "RabbitRoughness.jpg",
                "intensity": 0.3
            }
        },
        {
            "diffuse": {
                "contents": "RabbitBlestColor8.png",
                "intensity": 1.0
            },
            "metalness": {
                "intensity": 1.0
            },
            "roughness": {
                "intensity": 0.3
            }
        },
    ],
    "isOccluded": true
}

